
INSERT INTO subscription (TYPE,DESCRIPTION,PRICE,STOCK) VALUES 
('BASICA', 'SOLO SE PUEDE COMPRAR 6 JUEGOS AL MES', 1500,999999),
('PREMIUM', 'SOLO SE PUEDE COMPRAR 20 JUEGOS AL MES 6 MAS 1 JUEGO DE REGALO MENSUAL', 3200,999999),
('DELUXE', 'SE PUEDE COMPRAR JUEGOS ILIMITADOS AL MES', 4999,999999);

INSERT INTO CATEGORY (CLASSIFICATION)VALUES
('AVENTURA'), 
('RPG'), 
('SHOOTER'), 
('DEPORTE'), 
('PELEA'), 
('ESTRATEGIA'), 
('SIMULACION'), 
('ARCADE'), 
('GUERRA'), 
('PLATAFORMA'), 
('CARRERAS'), 
('MUNDO ABIERTO'), 
('ACCION'); 


INSERT INTO GAME (ID_CATEGORY,NAME,DESCRIPTION, PRICE, STOCK,RELEASE_DATE) VALUES
(1,'HORIZON DOWN','JUEGO AMBIENTADO EN EL FUTURO DE AVENTURA, RPG EN TERCERA PERSONA', 8000.00, 10, '2014-10-1'),
(4,'FIFA 22','JUEGO DE FUTBOL', 10000.0,20, '2022-06-10'),
(1,'HORIZON FORBIDDEN WEST','jUEGO AMBIENTADO EN EL FUTURO DE AVENTURA, RPG EN TERCERA PERSONA, SIENDO LA SECUELA HORIZON DOWN ', 15000.0, 50, '2023-02-06'),
(3,'BORDERLANDS 3',' JUEGO DE SHOOTER, RPG EN SEGUNDA PERSONA AMBNIENTADO EN OTRO PLANETA', 8500.0, 20, '2019-11-20'),
(3,'BORDERLANDS 1','JUEGO DE SHOOTER, RPG EN SEGUNDA PERSONA AMBNIENTADO EN OTRO PLANETA', 5000.0, 14, '2009-09-02'),
(3,'BORDERLANDS 2','JUEGO DE SHOOTER, RPG EN SEGUNDA PERSONA AMBNIENTADO EN OTRO PLANETA', 5000.0, 20, '2012-10-15'),
(3,'THE DIVISION 2', 'JUEGOS DE SHOOTER ABIENTADO EN UN MUNDO POST APOCALIPTICO LUEGO DE UNA GUERRA ENTRE PAISES',7200.0, 87, '2014-10-01'),
(3,'RED DEAD REDEMPTION 2','JUEGOS DE SHOOTER AMBIENTADO EN LA EPOCA DE LOS VAQUEROS', 8500.0, 56, '2015-12-15'),
(4,'FIFA 23','JUEGO DE FUTBOL', 12000.0,45, '2023-07-05'),
(12,'GTA VICE CITY',' JUEGOS DE ACCION Y AVENTURA DE MUNDO ABIERTO',4500.0, 60, '2009-08-12'),
(12,'GTA V',' JUEGOS DE ACCION Y AVENTURA DE MUNDO ABIERTO',6000.0, 60, '2013-09-17'),
(11,'NEED FOR SPEET 4',' JUEGOS DE CARRERAS DONDE PUEDES COMPRAR VARIOS AUTOS',9500.0, 45, '2016-01-17'),
(7,'SIMS',' JUEGOS DE SIMULCION DONDE MANEJAS UN PERSONA COMO SI FUERAS TU',5000.0, 30, '2000-05-11'),
(7,'SIMS 2',' JUEGOS DE SIMULCION DONDE MANEJAS UN PERSONA COMO SI FUERAS TU',5000.0, 30, '2005-09-21'),
(5,'MORTAL KOMBAT 11','JUEGO DE LUCHA DESARROLADO POR NETHERREALM', 8000.0, 90, '2019-04-23');



INSERT INTO USER (DNI,FIRTS_NAME,LAST_NAME,DIRECTION,BIRTH_DATE,AGE,TELF,MAIL) VALUES
(30264523,'LUIS','HERRERA','ROOSEVELT 2541', '1998-10-05', 25, 1159101088, 'LUIS_HERRERA1@GMAIL.COM'),
(25414423, 'ALBERTO','MENDEZ','AV CABILDO 3219', '1990-02-01', 33, 1159101088, 'ALBERTOMENDEZ_02@GMAIL.COM'),
(28127945, 'AMANDA','RUIZ','BULNES 1988', '1992-03-16', 31, 1126418562, 'AMANDA_9203@GMAIL.COM'),
(11086306, 'Nat','Nolan','2675 Logan Lane','1982-3-6', 41, 1121654671, 'kurtis.simonis@gmail.com'),
(7717959, 'Darwin','Strosin','4904 Sycamore Lake Road', '1996-10-22', 25, 1159101088, 'geraldine.gislason@gmail.com'),
(3968568, 'Althea','Shields','618 Twin Oaks Drive', '1997-1-25', 26, 116526662, 'grant.eleonore@luettgen.com'),
(99710, 'Lula','Schmidt','1336 Golf Course Drive', '1999-09-20', 24, 1194975850, 'prosacco.pearlie@gmail.com'),
(7124080, 'Angus','Batz','379 Wilkinson Street', '1987-10-22', 37, 1125327009, 'reinhold57@yahoo.com'),
(15548, 'Jazmyn ','RAMIREZ','LA PAMPA 844', '1989-12-22', 34, 1105378822, 'abshire.mike@marvin.net'),
(10071086, 'Bailey','Rice','3864 Griffin Street', '1985-10-22', 37, 1177669127, 'fisher.thora@mante.com'),
(1404419, 'Cheyenne','Boyer','697 Shadowmar Drive', '1997-06-14', 26, 1195825349, 'mya10@yahoo.com'),
(9671499, 'Cleo','Leuschke','1070 Hilltop Haven Drive', '1997-12-08', 32, 1198716341, 'katheryn.huel@hotmail.com'),
(7867970, 'Prof. Ofelia ','Ward IVBIO','2575 Golf Course Drive', '1981-07-01', 42, 1162392714, 'heath.lesch@roob.com'),
(4509375, 'Yasmine','Dach','1171 Rubaiyat Road', '1985-04-29', 38, 1169803491, 'barrows.deanna@hotmail.com'),
(18468723, 'FABIO','RAMIREZ','LA PAMPA 841', '1987-10-22', 37, 1175907010, 'FABIORAMIREZ22@GMAIL.COM');


INSERT INTO SHOPPING_CART(DNI) VALUES 
(10071086), -- 1
(9671499), -- 2
(18468723);  -- 3



INSERT INTO LIST_PRODUCT_CART(ID_GAME,ID_SUBSCRIPTION,ID_SHOPPING_CART,QUANTITY,PRICE) VALUES
(1,null,1,1,8000),
(2,null,1,2,10000),
(null,1,2,1,1500),
(5,null,3,1,5000),
(3,null,3,1,15000);


INSERT INTO BILL_PRODUCT(DNI,TOTAL_QUANTITY,TOTAL_PRICE) VALUES
(10071086,3,28000),
(9671499,1,1500),
(18468723,2,20000);




INSERT INTO billing_detail(ID_BILL,ID_GAME,ID_SUBSCRIPTION,QUANTITY,price) VALUES
(1,1,null,1,8000),
(1,2,null,2,10000),
(2,null,1,1,1500),
(3,5,null,1,5000),
(3,3,null,1,15000);



